avg_stock_volatility,portfolio_volatility,diversification_ratio,variance_reduction_pct,portfolio_return
8.596304000444027,3.892333149685856,2.208522156213124,79.49798820871004,0.7899133207160496
