avg_stock_volatility,portfolio_volatility,diversification_ratio,variance_reduction_pct,portfolio_return
8.519333590755762,3.6179844682975433,2.3547181214861785,81.96475078530219,0.8067702315245076
