avg_gamma_1,avg_gamma_0,std_gamma_1,std_gamma_0,se_gamma_1,se_gamma_0,tstat_gamma_1,tstat_gamma_0,pvalue_gamma_1,pvalue_gamma_0,n_months
-0.9662185239946292,1.5384895194180996,6.1921234096824955,2.659126978855871,0.80614580336543,0.34618884553697415,-1.1985654703664537,4.444075940782395,0.23557137276504303,4.035189335849232e-05,59
