portfolio,expected_return,volatility,sharpe_ratio
Minimum-Variance,1.1305548743892286,0.0018367061453563303,
Optimal Risky (Tangency),1.9970732119680132,1.9333445998457732,1.032122355133451
Equal-Weighted,0.8067702315245076,3.6179844682975433,0.22298885984553063
