test,gamma_1,tstat_gamma_1,n_stocks
Full Sample,-0.9662185239946292,-1.1985654703664537,219.0
Period A (2021-2022),-1.7934909596624535,-1.3613280535655587,219.0
Period B (2023-2025),-0.3989459966795499,-0.3911247219251987,219.0
Clean Sample,-0.9662185239946292,-1.1985654703664537,219.0
