country,n_stocks,mean_beta,median_beta,std_beta,pct_beta_gt_1,pct_beta_lt_1,pct_beta_lt_0,mean_alpha,median_alpha,mean_r_squared,median_r_squared
France,37,0.8792015033769024,0.8753360253345394,0.31571698614646987,35.13513513513514,64.86486486486487,0.0,-0.8511158567897302,0.16791391043963133,0.21351947496119497,0.21356078024590952
Germany,39,0.935483643741471,0.8585356975845615,0.39803126991321086,41.02564102564102,58.97435897435898,0.0,-0.34444754678862527,-0.5480245326621461,0.2220334091619032,0.21391521617850007
Italy,27,0.8258757268169935,0.7345167603224447,0.3326627040003918,22.22222222222222,77.77777777777779,0.0,0.39331776159561616,0.18426951330546526,0.20929305748803145,0.22125212808539174
Spain,35,0.772208176547814,0.7688208633339951,0.40518344924106175,25.71428571428571,74.28571428571429,0.0,0.8248130462298534,0.6076710631483798,0.18290293689076734,0.15653783823541711
Sweden,27,1.1401359372026287,1.2173495120283666,0.3530695810893716,66.66666666666666,33.33333333333333,0.0,-0.2641230695088487,-0.23241527511862523,0.32206525472437086,0.2859551089353245
Switzerland,16,0.8320552097122282,0.9790186488125332,0.35106522691052144,43.75,56.25,0.0,0.31777813689124806,0.4689897002176938,0.24597471249119834,0.27324549275761323
UnitedKingdom,64,0.9712266214658347,0.9607621735483003,0.3808849834646456,42.1875,57.8125,0.0,-0.26094638954230126,-0.21230386738102902,0.2570484542935112,0.21514051649711768
