portfolio,expected_return,volatility,sharpe_ratio
Minimum-Variance,1.3885947029651227,3.404112583251219,0.3702592109730803
Tangency,2.989429203728539,4.71138865640534,0.6073025913520351
