country,n_stocks,mean_beta,median_beta,std_beta,pct_beta_gt_1,pct_beta_lt_1,pct_beta_lt_0,mean_alpha,median_alpha,mean_r_squared,median_r_squared
France,37,0.8745108156109411,0.8717144014191148,0.31136427179577075,35.13513513513514,64.86486486486487,0.0,-0.8313016889014653,0.24170483973885915,0.21333525298628403,0.21485120434271332
Germany,39,0.9394750339429965,0.8621646471232715,0.39885770651587266,41.02564102564102,58.97435897435898,0.0,-0.34007855297766043,-0.5176464928232732,0.22370058481959418,0.21576073147102703
Italy,27,0.8292635470173022,0.7331866889368803,0.32943120356020184,25.925925925925924,74.07407407407408,0.0,0.41217201310149065,0.21265596047332755,0.2105455411769293,0.22424034209601063
Spain,35,0.7737273538467284,0.773547045823607,0.40633647433511666,25.71428571428571,74.28571428571429,0.0,0.8522642850194467,0.6621734685171944,0.18372365968667384,0.15619677796163023
Sweden,27,1.1407349225328718,1.2341204583754308,0.35277082847017777,66.66666666666666,33.33333333333333,0.0,-0.2824776010544619,-0.28332384822423073,0.32289257981583064,0.28413998930781004
Switzerland,16,0.8318314987501365,0.9805886444232217,0.3505432844975049,43.75,56.25,0.0,0.3393023802288682,0.5170025521854724,0.2463668750393176,0.271287394318554
UnitedKingdom,64,0.9713387424861251,0.9596326220542376,0.3830319145152204,40.625,59.375,0.0,-0.25740260842275986,-0.17803468952551932,0.2574987366011167,0.2168470326405207
