country,n_stocks,mean_beta,median_beta,std_beta,pct_beta_gt_1,pct_beta_lt_1,pct_beta_lt_0,mean_alpha,median_alpha,mean_r_squared,median_r_squared
France,38,0.8564475479096924,0.8658493994157204,0.3266897667528777,34.21052631578947,65.78947368421053,0.0,-0.7514869855727935,0.2837689714240307,0.20793807471404913,0.2062390425032467
Germany,40,0.9202500511870614,0.8581661193373163,0.41205861552344536,40.0,60.0,0.0,-0.18687050114710252,-0.4487056444755492,0.21816550416531375,0.2130659949015632
Italy,27,0.8292635470173022,0.7331866889368803,0.32943120356020184,25.925925925925924,74.07407407407408,0.0,0.41217201310149065,0.21265596047332755,0.2105455411769293,0.22424034209601063
Spain,35,0.7737273538467284,0.773547045823607,0.40633647433511666,25.71428571428571,74.28571428571429,0.0,0.8522642850194467,0.6621734685171944,0.18372365968667384,0.15619677796163023
Sweden,27,1.140736379294064,1.2341523304279238,0.35276503096210005,66.66666666666666,33.33333333333333,0.0,-0.28243806547027384,-0.28319792744387356,0.32289837355482676,0.2841470451416682
Switzerland,16,0.831826272501214,0.980590600003048,0.35053126211766755,43.75,56.25,0.0,0.3394864409198481,0.5173632246806232,0.24637044740332478,0.27127775116784764
UnitedKingdom,66,0.9442028597144575,0.9354713516449975,0.40804013055115984,39.39393939393939,60.60606060606061,1.5151515151515151,-0.18356244325299562,-0.0835024000150695,0.2497686809347415,0.21105573496183166
