country,n_stocks,mean_beta,median_beta,std_beta,pct_beta_gt_1,pct_beta_lt_1,pct_beta_lt_0,mean_alpha,median_alpha,mean_r_squared,median_r_squared
France,38,0.8564475479096924,0.8658493994157204,0.3266897667528777,34.21052631578947,65.78947368421053,0.0,-0.7514869855727935,0.2837689714240307,0.20793807471404913,0.2062390425032467
Germany,40,0.9202500511870614,0.8581661193373163,0.41205861552344536,40.0,60.0,0.0,-0.18687050114710252,-0.4487056444755492,0.21816550416531375,0.2130659949015632
Italy,27,0.8292635470173022,0.7331866889368803,0.32943120356020184,25.925925925925924,74.07407407407408,0.0,0.41217201310149065,0.21265596047332755,0.2105455411769293,0.22424034209601063
Spain,35,0.7737273538467284,0.773547045823607,0.40633647433511666,25.71428571428571,74.28571428571429,0.0,0.8522642850194467,0.6621734685171944,0.18372365968667384,0.15619677796163023
Sweden,27,1.1407389743627527,1.2342763078869219,0.35276395573629266,66.66666666666666,33.33333333333333,0.0,-0.2826450098345814,-0.2837868931551963,0.3229023742605492,0.2841267081584943
Switzerland,16,0.8318256262721728,0.9805897716976526,0.3505308779446316,43.75,56.25,0.0,0.3394821340351962,0.5173530625337311,0.24637005740017148,0.271276940970383
UnitedKingdom,66,0.9442016347518859,0.9354578283900918,0.40803751677005284,39.39393939393939,60.60606060606061,1.5151515151515151,-0.183586098403381,-0.08357805579590462,0.2497681187714334,0.21104286846280684
