country,n_stocks,mean_beta,median_beta,std_beta,pct_beta_gt_1,pct_beta_lt_1,pct_beta_lt_0,mean_alpha,median_alpha,mean_r_squared,median_r_squared
France,37,0.8745108156109411,0.8717144014191148,0.31136427179577075,35.13513513513514,64.86486486486487,0.0,-0.8313016889014653,0.24170483973885915,0.21333525298628403,0.21485120434271332
Germany,39,0.9394750339429965,0.8621646471232715,0.39885770651587266,41.02564102564102,58.97435897435898,0.0,-0.34007855297766043,-0.5176464928232732,0.22370058481959418,0.21576073147102703
Italy,27,0.8292635470173022,0.7331866889368803,0.32943120356020184,25.925925925925924,74.07407407407408,0.0,0.41217201310149065,0.21265596047332755,0.2105455411769293,0.22424034209601063
Spain,35,0.7737273538467284,0.773547045823607,0.40633647433511666,25.71428571428571,74.28571428571429,0.0,0.8522642850194467,0.6621734685171944,0.18372365968667384,0.15619677796163023
Sweden,27,1.1407389743627527,1.2342763078869219,0.35276395573629266,66.66666666666666,33.33333333333333,0.0,-0.2826450098345814,-0.2837868931551963,0.3229023742605492,0.2841267081584943
Switzerland,16,0.8318256262721728,0.9805897716976526,0.3505308779446316,43.75,56.25,0.0,0.3394821340351962,0.5173530625337311,0.24637005740017148,0.271276940970383
UnitedKingdom,64,0.9713398754571325,0.959604633898907,0.38301659532833143,40.625,59.375,0.0,-0.2574553556751068,-0.17873289176716972,0.25750437291213957,0.2168525982364361
