avg_stock_volatility,portfolio_volatility,diversification_ratio,variance_reduction_pct,portfolio_return
8.633731726686204,3.8374049880268752,2.249888076349615,80.24494824468003,0.8288175300418291
