avg_stock_volatility,portfolio_volatility,diversification_ratio,variance_reduction_pct,portfolio_return
8.596304000444027,3.8923331496858564,2.2085221562131236,79.49798820871003,0.7899133207160495
