avg_gamma_1,avg_gamma_0,std_gamma_1,std_gamma_0,se_gamma_1,se_gamma_0,tstat_gamma_1,tstat_gamma_0,pvalue_gamma_1,pvalue_gamma_0,n_months
-0.527757689918502,1.2740328038479085,5.018670007875424,2.455567485104676,0.6533751828974242,0.3196876567256982,-0.807740642333758,3.9852423984610317,0.4225403565946908,0.00019079903928798103,59
