avg_gamma_1,avg_gamma_0,std_gamma_1,std_gamma_0,se_gamma_1,se_gamma_0,tstat_gamma_1,tstat_gamma_0,pvalue_gamma_1,pvalue_gamma_0,n_months
-0.5277435231552241,1.2740197679195278,5.01865459640187,2.4555541628124544,0.6533731764944656,0.31968592231098214,-0.8077214402750958,3.985223242580555,0.4225513240185952,0.00019081110608931695,59
