avg_gamma_1,avg_gamma_0,std_gamma_1,std_gamma_0,se_gamma_1,se_gamma_0,tstat_gamma_1,tstat_gamma_0,pvalue_gamma_1,pvalue_gamma_0,n_months,avg_r_squared,avg_n_stocks,country
-1.2046527408481678,1.0598714944279781,7.824019722575997,5.395407413474791,1.0186006071746567,0.7024222154581468,-1.182654646348163,1.5088809424068246,0.24177154010669888,0.13675774971976318,59,0.07289184250071325,37.0,France
-0.051764577060521594,0.6083766171067216,5.5576518796355385,3.4333291788457148,0.7235446458202796,0.4469813868326099,-0.07154303104798226,1.3610781903420794,0.9432117086644696,0.17875397588020547,59,0.07636067470238837,39.0,Germany
0.764824908124361,0.5723470714904175,7.067759938906177,5.299672614129447,0.9201439695200895,0.6899586061884088,0.8312013483316782,0.8295382742629711,0.40926877244146453,0.41020110411531086,59,0.08112256862199449,27.0,Italy
-0.5362663572140928,2.0084894395959867,5.563839226678546,3.489401268681619,0.7243501697936692,0.4542813511447652,-0.7403413149842265,4.421245632326087,0.4620794668554771,4.3669972048299144e-05,59,0.08566744123127237,35.0,Spain
-1.1253458025837086,2.0935584618548027,6.210714489300823,5.575014775131635,0.8085661557748979,0.7258051022763903,-1.3917795031938007,2.8844636876878345,0.1693038048222988,0.005494794939939318,59,0.1061367834829276,27.0,Sweden
0.3436651512828884,0.8503053851283086,6.18835898700047,4.049074126047655,0.8056557172759856,0.5271445509507754,0.42656576986117556,1.61304026304487,0.6712747767738052,0.1121641950552068,59,0.13827922924613464,16.0,Switzerland
-0.5764969469067763,1.232870218011079,5.970656456238479,3.8289200168226425,0.7773132618783126,0.4984829272228177,-0.741653301416368,2.4732446201913683,0.4612900947602867,0.016340045558091987,59,0.09140439115941186,64.0,UnitedKingdom
