portfolio,expected_return,volatility,sharpe_ratio
Minimum-Variance,1.4592803827772343,0.006028638654282241,
Optimal Risky (Tangency),2.138123513178396,2.164822593269742,0.9869161979045963
Equal-Weighted,0.8288175300418291,3.8374049880268752,0.21598385696266897
