portfolio,expected_return,volatility,sharpe_ratio
Minimum-Variance (Constrained),0.873272969337784,1.5628972228895164,0.5577370334638048
Minimum-Variance (Unconstrained),1.4430711230618818,0.005444150865708289,
Optimal Risky (Tangency),2.1700625085748437,2.335035535894899,0.9286690359122147
Equal-Weighted,0.7899133207160496,3.892333149685856,0.20294083017529016
