portfolio,expected_return,volatility,sharpe_ratio
Minimum-Variance (Constrained),0.873272969337784,1.5628972228895164,0.5579195628918971
Minimum-Variance (Unconstrained),1.4430711230618818,0.005444150865708289,
"Optimal Risky (Tangency, Constrained)",2.169963158201035,2.3349285846202,0.9287912009760612
"Optimal Risky (Tangency, Unconstrained)",9.468154224566941,4.278956209625835e-07,22124209.09887378
Equal-Weighted,0.7899133207160496,3.892333149685856,0.202606317725242
