portfolio,expected_return,volatility,sharpe_ratio
Minimum-Variance,0.7873052807330471,1.312312218819625,0.5999374763432427
Optimal Risky (Tangency),1.9970732119680132,1.9333445998457732,1.032122355133451
Equal-Weighted,0.8067702315245076,3.6179844682975433,0.22298885984553063
