portfolio,expected_return,volatility,sharpe_ratio
Minimum-Variance (Constrained),0.873272969337784,1.5628972228895164,0.4767314795871658
Minimum-Variance (Unconstrained),1.4430711230618818,0.005444150865708289,
"Optimal Risky (Tangency, Constrained)",2.2182998260708935,2.3885932344134093,0.875037713467019
"Optimal Risky (Tangency, Unconstrained)",9.3934127313449,4.7037342952164296e-07,19697588.099184066
Equal-Weighted,0.7899133207160496,3.892333149685856,0.17000668530710528
