portfolio,expected_return,volatility,sharpe_ratio
Minimum-Variance (Constrained),0.8732013039981126,1.5628985763410586,0.47668521262287117
Minimum-Variance (Unconstrained),1.1662909839926423,0.34126026914344465,3.417599672297058
"Optimal Risky (Tangency, Constrained)",2.2178124564300354,2.3880392319334938,0.8750366261408382
"Optimal Risky (Tangency, Unconstrained)",1.2320331827230953,0.12128117078789248,9.101516020377167
Equal-Weighted,0.7899133207160495,3.8923331496858564,0.17000668530710522
