test,gamma_1,tstat_gamma_1,n_stocks
Full Sample,-0.527757689918502,-0.807740642333758,245.0
Period A (2021-2022),-0.7996028466306776,-0.6847890717581591,245.0
Period B (2023-2025),-0.3413495824587242,-0.4434082792222793,245.0
Clean Sample,-0.59967876389447,-0.880196153490799,225.0
