portfolio,expected_return,volatility,sharpe_ratio
Minimum-Variance (Constrained),0.8732586378032832,1.5628975736880102,0.4767222027340758
"Optimal Risky (Tangency, Constrained)",2.217812451230084,2.388039225985451,0.8750366261428498
Equal-Weighted,0.7899133207160496,3.892333149685856,0.17000668530710528
